<?xml version="1.0" encoding="UTF-8"?>

<!-- LMF ULTRA OPTI  --> 

<CContentsOfWeatherXmlFile>
  <VersionNumber value="1.000000"/>
  <WeatherGpuFx>
	<Item>
	  <Name>RAINSTORM_DROP</Name>
	  <SystemType>SYSTEM_TYPE_DROP</SystemType>
	  <diffuseName>rain</diffuseName>
	  <distortionTexture>distortion_rain_n</distortionTexture>
	  <diffuseSplashName>rain_anim</diffuseSplashName>
	  <driveType>DRIVE_TYPE_RAIN</driveType>
	  <windInfluence value="0.0"/>
	  <gravity value="-10.000000"/>
	  <emitterSettingsName>common:/data/levels/gta5/weather/rainstorm_emitter_drop</emitterSettingsName>
	  <renderSettingsName>common:/data/levels/gta5/weather/rainstorm_render_drop</renderSettingsName>
	</Item>
	<Item>
	  <Name>RAINSTORM_MIST</Name>
	  <SystemType>SYSTEM_TYPE_MIST</SystemType>
	  <diffuseName>mist</diffuseName>
	  <diffuseSplashName>mist</diffuseSplashName>
	  <driveType>DRIVE_TYPE_RAIN</driveType>
	  <windInfluence value="0.000000"/>
	  <gravity value="-12.000000"/>
	  <emitterSettingsName>common:/data/levels/gta5/weather/rainstorm_emitter_mist</emitterSettingsName>
	  <renderSettingsName>common:/data/levels/gta5/weather/rainstorm_render_mist</renderSettingsName>
	</Item>
	<Item>
	  <Name>RAINSTORM_GROUND</Name>
	  <SystemType>SYSTEM_TYPE_GROUND</SystemType>
	  <diffuseName>rain_anim</diffuseName>
	  <diffuseSplashName>rain_anim</diffuseSplashName>
	  <distortionTexture>rain_anim_distortion</distortionTexture>
	  <driveType>DRIVE_TYPE_RAIN</driveType>
	  <windInfluence value="0.0000"/>
	  <gravity value="0.000000"/>
	  <emitterSettingsName>common:/data/levels/gta5/weather/rainstorm_emitter_ground</emitterSettingsName>
	  <renderSettingsName>common:/data/levels/gta5/weather/rainstorm_render_ground</renderSettingsName>
	</Item>
	<Item>
	  <Name>CLEARING_DROP</Name>
	  <SystemType>SYSTEM_TYPE_DROP</SystemType>
	  <diffuseName>rain</diffuseName>
	  <distortionTexture>distortion_rain_n</distortionTexture>
	  <diffuseSplashName>rain_anim</diffuseSplashName>
	  <driveType>DRIVE_TYPE_RAIN</driveType>
	  <windInfluence value="0.0"/>
	  <gravity value="-10.000000"/>
	  <emitterSettingsName>common:/data/levels/gta5/weather/rainstorm_emitter_drop</emitterSettingsName>
	  <renderSettingsName>common:/data/levels/gta5/weather/clearing_render_drop</renderSettingsName>
	</Item>
	<Item>
	  <Name>CLEARING_GROUND</Name>
	  <SystemType>SYSTEM_TYPE_GROUND</SystemType>
	  <diffuseName>rain_anim</diffuseName>
	  <diffuseSplashName>rain_anim</diffuseSplashName>
	  <distortionTexture>rain_anim_distortion</distortionTexture>
	  <driveType>DRIVE_TYPE_RAIN</driveType>
	  <windInfluence value="0.0000"/>
	  <gravity value="0.000000"/>
	  <emitterSettingsName>common:/data/levels/gta5/weather/rainstorm_emitter_ground</emitterSettingsName>
	  <renderSettingsName>common:/data/levels/gta5/weather/clearing_render_ground</renderSettingsName>
	</Item>
	<Item>
	  <Name>THUNDER_DROP</Name>
	  <SystemType>SYSTEM_TYPE_DROP</SystemType>
	  <diffuseName>rain</diffuseName>
	  <distortionTexture>distortion_rain_n</distortionTexture>
	  <diffuseSplashName>rain_anim</diffuseSplashName>
	  <driveType>DRIVE_TYPE_RAIN</driveType>
	  <windInfluence value="0.0"/>
	  <gravity value="-12.000000"/>
	  <emitterSettingsName>common:/data/levels/gta5/weather/thunder_emitter_drop</emitterSettingsName>
	  <renderSettingsName>common:/data/levels/gta5/weather/thunder_render_drop</renderSettingsName>
	</Item>
	<Item>
	  <Name>THUNDER_MIST</Name>
	  <SystemType>SYSTEM_TYPE_MIST</SystemType>
	  <diffuseName>mist</diffuseName>
	  <diffuseSplashName>mist</diffuseSplashName>
	  <driveType>DRIVE_TYPE_RAIN</driveType>
	  <windInfluence value="0.000000"/>
	  <gravity value="-12.000000"/>
	  <emitterSettingsName>common:/data/levels/gta5/weather/thunder_emitter_mist</emitterSettingsName>
	  <renderSettingsName>common:/data/levels/gta5/weather/thunder_render_mist</renderSettingsName>
	</Item>
	<Item>
	  <Name>THUNDER_GROUND</Name>
	  <SystemType>SYSTEM_TYPE_GROUND</SystemType>
	  <diffuseName>rain_anim</diffuseName>
	  <diffuseSplashName>rain_anim</diffuseSplashName>
	  <distortionTexture>rain_anim_distortion</distortionTexture>
	  <driveType>DRIVE_TYPE_RAIN</driveType>
	  <windInfluence value="0.00000"/>
	  <gravity value="0.000000"/>
	  <emitterSettingsName>common:/data/levels/gta5/weather/thunder_emitter_ground</emitterSettingsName>
	  <renderSettingsName>common:/data/levels/gta5/weather/thunder_render_ground</renderSettingsName>
	</Item>
	<Item>
	  <Name>VFX_SNOW_LIGHT_DROP</Name>
	  <SystemType>SYSTEM_TYPE_DROP</SystemType>
	  <diffuseName>snow</diffuseName>
	  <diffuseSplashName>mist</diffuseSplashName>
	  <driveType>DRIVE_TYPE_SNOW</driveType>
	  <windInfluence value="1.000000"/>
	  <gravity value="-0.5"/>
	  <emitterSettingsName>common:/data/levels/gta5/weather/snowlight_emitter_drop</emitterSettingsName>
	  <renderSettingsName>common:/data/levels/gta5/weather/snowlight_render_drop</renderSettingsName>
	</Item>
	<Item>
	  <Name>VFX_SNOW_HEAVY_DROP</Name>
	  <SystemType>SYSTEM_TYPE_DROP</SystemType>
	  <diffuseName>snow</diffuseName>
	  <diffuseSplashName>mist</diffuseSplashName>
	  <driveType>DRIVE_TYPE_SNOW</driveType>
	  <windInfluence value="1.000000"/>
	  <gravity value="-0.800000"/>
	  <emitterSettingsName>common:/data/levels/gta5/weather/snowheavy_emitter_drop</emitterSettingsName>
	  <renderSettingsName>common:/data/levels/gta5/weather/snowheavy_render_drop</renderSettingsName>
	</Item>
	<Item>
	  <Name>VFX_SNOW_HEAVY_MIST</Name>
	  <SystemType>SYSTEM_TYPE_MIST</SystemType>
	  <diffuseName>mist</diffuseName>
	  <diffuseSplashName>mist</diffuseSplashName>
	  <driveType>DRIVE_TYPE_SNOW</driveType>
	  <windInfluence value="1.000000"/>
	  <gravity value="-1.000000"/>
	  <emitterSettingsName>common:/data/levels/gta5/weather/snowheavy_emitter_mist</emitterSettingsName>
	  <renderSettingsName>common:/data/levels/gta5/weather/snowheavy_render_mist</renderSettingsName>
	</Item>
	<Item>
	  <Name>VFX_SNOW_HEAVY_GROUND</Name>
	  <SystemType>SYSTEM_TYPE_GROUND</SystemType>
	  <diffuseName>mist</diffuseName>
	  <diffuseSplashName>mist</diffuseSplashName>
	  <driveType>DRIVE_TYPE_SNOW</driveType>
	  <windInfluence value="1.000000"/>
	  <gravity value="-1.000000"/>
	  <emitterSettingsName>common:/data/levels/gta5/weather/snowheavy_emitter_ground</emitterSettingsName>
	  <renderSettingsName>common:/data/levels/gta5/weather/snowheavy_render_ground</renderSettingsName>
	</Item>
		<Item>
	  <Name>BLIZZARD_DROP</Name>
	  <SystemType>SYSTEM_TYPE_DROP</SystemType>
	  <diffuseName>snow</diffuseName>
	  <diffuseSplashName>mist</diffuseSplashName>
	  <driveType>DRIVE_TYPE_SNOW</driveType>
	  <windInfluence value="1.000000"/>
	  <gravity value="-1.000000"/>
	  <emitterSettingsName>common:/data/levels/gta5/weather/blizzard_emitter_drop</emitterSettingsName>
	  <renderSettingsName>common:/data/levels/gta5/weather/blizzard_render_drop</renderSettingsName>
	</Item>
	<Item>
	  <Name>BLIZZARD_MIST</Name>
	  <SystemType>SYSTEM_TYPE_MIST</SystemType>
	  <diffuseName>mist</diffuseName>
	  <diffuseSplashName>mist</diffuseSplashName>
	  <driveType>DRIVE_TYPE_SNOW</driveType>
	  <windInfluence value="1.000000"/>
	  <gravity value="-1.000000"/>
	  <emitterSettingsName>common:/data/levels/gta5/weather/blizzard_emitter_mist</emitterSettingsName>
	  <renderSettingsName>common:/data/levels/gta5/weather/blizzard_render_mist</renderSettingsName>
	</Item>
	<Item>
	  <Name>BLIZZARD_GROUND</Name>
	  <SystemType>SYSTEM_TYPE_GROUND</SystemType>
	  <diffuseName>mist</diffuseName>
	  <diffuseSplashName>mist</diffuseSplashName>
	  <driveType>DRIVE_TYPE_SNOW</driveType>
	  <windInfluence value="1.000000"/>
	  <gravity value="-1.000000"/>
	  <emitterSettingsName>common:/data/levels/gta5/weather/blizzard_emitter_ground</emitterSettingsName>
	  <renderSettingsName>common:/data/levels/gta5/weather/blizzard_render_ground</renderSettingsName>
	</Item>
	<Item>
	  <Name>UNDERWATER_DROP</Name>
	  <SystemType>SYSTEM_TYPE_DROP</SystemType>
	  <diffuseName>plankton</diffuseName>
	  <diffuseSplashName>plankton</diffuseSplashName>
	  <driveType>DRIVE_TYPE_UNDERWATER</driveType>
	  <windInfluence value="1.000000"/>
	  <gravity value="0.000000"/>
	  <emitterSettingsName>common:/data/levels/gta5/weather/underwater_emitter_drop</emitterSettingsName>
	  <renderSettingsName>common:/data/levels/gta5/weather/underwater_render_drop</renderSettingsName>
	</Item>
	<Item>
	  <Name>UNDERWATER_MIST</Name>
	  <SystemType>SYSTEM_TYPE_MIST</SystemType>
	  <diffuseName>mist</diffuseName>
	  <diffuseSplashName>mist</diffuseSplashName>
	  <driveType>DRIVE_TYPE_UNDERWATER</driveType>
	  <windInfluence value="1.000000"/>
	  <gravity value="0.000000"/>
	  <emitterSettingsName>common:/data/levels/gta5/weather/underwater_emitter_mist</emitterSettingsName>
	  <renderSettingsName>common:/data/levels/gta5/weather/underwater_render_mist</renderSettingsName>
	</Item>
  <Item>
    <Name>COUNTRYSIDE_GROUND</Name>
    <SystemType>SYSTEM_TYPE_GROUND</SystemType>
    <diffuseName>mist</diffuseName>
    <diffuseSplashName>mist</diffuseSplashName>
    <driveType>DRIVE_TYPE_REGION</driveType>
    <windInfluence value="0.0500000"/>
    <gravity value="-0.3000000"/>
    <emitterSettingsName>common:/data/levels/gta5/weather/countryside_emitter_ground</emitterSettingsName>
    <renderSettingsName>common:/data/levels/gta5/weather/countryside_render_ground</renderSettingsName>
  </Item>
  <Item>
    <Name>DESERT_GROUND</Name>
    <SystemType>SYSTEM_TYPE_GROUND</SystemType>
    <diffuseName>mist</diffuseName>
    <diffuseSplashName>mist</diffuseSplashName>
    <driveType>DRIVE_TYPE_REGION</driveType>
    <windInfluence value="0.02500000"/>
    <gravity value="-0.1000000"/>
    <emitterSettingsName>common:/data/levels/gta5/weather/desert_emitter_ground</emitterSettingsName>
    <renderSettingsName>common:/data/levels/gta5/weather/desert_render_ground</renderSettingsName>
  </Item>
  <Item>
    <Name>DESERT_GROUND_HEAVY</Name>
    <SystemType>SYSTEM_TYPE_GROUND</SystemType>
    <diffuseName>mist</diffuseName>
    <diffuseSplashName>mist</diffuseSplashName>
    <driveType>DRIVE_TYPE_REGION</driveType>
    <windInfluence value="0.025000000"/>
    <gravity value="-0.1000000"/>
    <emitterSettingsName>common:/data/levels/gta5/weather/desert_emitter_ground_heavy</emitterSettingsName>
    <renderSettingsName>common:/data/levels/gta5/weather/desert_render_ground_heavy</renderSettingsName>
  </Item>
  <Item>
    <Name>LAKE_FOG_GROUND</Name>
    <SystemType>SYSTEM_TYPE_GROUND</SystemType>
    <diffuseName>mist</diffuseName>
    <diffuseSplashName>mist</diffuseSplashName>
    <driveType>DRIVE_TYPE_REGION</driveType>
    <windInfluence value="0.000000"/>
    <gravity value="-0.0000000"/>
    <emitterSettingsName>common:/data/levels/gta5/weather/lake_fog_emitter_ground</emitterSettingsName>
    <renderSettingsName>common:/data/levels/gta5/weather/lake_fog_render_ground</renderSettingsName>
  </Item>
  <Item>
    <Name>LAKE_FOG_DROP</Name>
    <SystemType>SYSTEM_TYPE_DROP</SystemType>
    <diffuseName>mist</diffuseName>
    <diffuseSplashName>mist</diffuseSplashName>
    <driveType>DRIVE_TYPE_REGION</driveType>
    <windInfluence value="0.0100000"/>
    <gravity value="-0.0000000"/>
    <emitterSettingsName>common:/data/levels/gta5/weather/lake_fog_emitter_drop</emitterSettingsName>
    <renderSettingsName>common:/data/levels/gta5/weather/lake_fog_render_drop</renderSettingsName>
  </Item>
  <Item>
    <Name>WOODLAND_POLLEN_DROP</Name>
    <SystemType>SYSTEM_TYPE_DROP</SystemType>
    <diffuseName>plankton</diffuseName>
    <diffuseSplashName>plankton</diffuseSplashName>
    <driveType>DRIVE_TYPE_REGION</driveType>
    <windInfluence value="0.020000"/>
    <gravity value="0.02000000"/>
    <emitterSettingsName>common:/data/levels/gta5/weather/pollen_emitter_drop</emitterSettingsName>
    <renderSettingsName>common:/data/levels/gta5/weather/pollen_render_drop</renderSettingsName>
  </Item>
  <Item>
    <Name>WOODLAND_FIREFLY_DROP</Name>
    <SystemType>SYSTEM_TYPE_DROP</SystemType>
    <diffuseName>fire_fly_anim</diffuseName>
    <diffuseSplashName>fire_fly_anim</diffuseSplashName>
    <driveType>DRIVE_TYPE_REGION</driveType>
    <windInfluence value="0.010000"/>
    <gravity value="0.02000000"/>
    <emitterSettingsName>common:/data/levels/gta5/weather/firefly_emitter_drop</emitterSettingsName>
    <renderSettingsName>common:/data/levels/gta5/weather/firefly_render_drop</renderSettingsName>
  </Item>
  <Item>
    <Name>WOODLAND_MIST_GROUND</Name>
    <SystemType>SYSTEM_TYPE_GROUND</SystemType>
    <diffuseName>mist</diffuseName>
    <diffuseSplashName>mist</diffuseSplashName>
    <driveType>DRIVE_TYPE_REGION</driveType>
    <windInfluence value="0.000000"/>
    <gravity value="-0.00000000"/>
    <emitterSettingsName>common:/data/levels/gta5/weather/woodland_mist_emitter_ground</emitterSettingsName>
    <renderSettingsName>common:/data/levels/gta5/weather/woodland_mist_render_ground</renderSettingsName>
  </Item>
    <Item>
    <Name>WETLAND_FLIES_DROP</Name>
    <SystemType>SYSTEM_TYPE_DROP</SystemType>
    <diffuseName>fire_fly_anim</diffuseName>
    <diffuseSplashName>fire_fly_anim</diffuseSplashName>
    <driveType>DRIVE_TYPE_REGION</driveType>
    <windInfluence value="0.010000"/>
    <gravity value="0.02000000"/>
    <emitterSettingsName>common:/data/levels/gta5/weather/fly_emitter_drop</emitterSettingsName>
    <renderSettingsName>common:/data/levels/gta5/weather/fly_render_drop</renderSettingsName>
  </Item>
  </WeatherGpuFx>
  <WeatherTypes>
	<Item>
	<Name>EXTRASUNNY</Name>
	<Sun value="0.0"/>
	<Cloud value="0.000000"/>
	<WindMin value="0.0"/>
	<WindMax value="0.0"/>
	<Rain value="0.000000"/>
	<Wetness value="0.000000"/>
	<Snow value="0.000000"/>
    <SnowMist value="0.000000"/>
	<Fog value="0.000000"/>
    <RippleBumpiness value="0.000000" />
    <RippleMinBumpiness value="0.000000" />
    <RippleMaxBumpiness value="0.000000" />
    <RippleBumpinessWindScale value="0.000000" />
    <RippleScale value="0.000000" />
    <RippleSpeed value="00.000000" />
    <RippleVelocityTransfer value="0.000000" />
    <OceanBumpiness value="0.000000" />
    <DeepOceanScale value="0.00000" />
    <OceanNoiseMinAmplitude value="00.00000" />
    <OceanWaveAmplitude value="0.000000" />
    <ShoreWaveAmplitude value="0.000000" />
    <OceanWaveWindScale value="0.000000" />
    <ShoreWaveWindScale value="0.000000" />
    <OceanWaveMinAmplitude value="0.000000" />
    <ShoreWaveMinAmplitude value="0.000000" />
    <OceanWaveMaxAmplitude value="00.00000" />
    <ShoreWaveMaxAmplitude value="0.0000000" />
    <OceanFoamIntensity value="0.000000" />
    <OceanFoamScale value="0.000000" />
    <RippleDisturb value="0.000000" />
    <Lightning value="false"/>
	<Sandstorm value="false"/>
	<OldSettingName>-</OldSettingName>
	<DropSettingName>-</DropSettingName>
    <MistSettingName></MistSettingName>
    <GroundSettingName>VFX_SNOW_HEAVY_GROUND</GroundSettingName>
	<TimeCycleFilename>COMMON:/DATA/TIMECYCLE/W_EXTRASUNNY.XML</TimeCycleFilename>
	<CloudSettingsName>MEDIUMclouds</CloudSettingsName>
  </Item>
  <Item>
	<Name>CLEAR</Name>
		<Sun value="0.0"/>
	<Cloud value="0.000000"/>
	<WindMin value="0.0"/>
	<WindMax value="0.0"/>
	<Rain value="0.000000"/>
	<Wetness value="0.000000"/>
	<Snow value="0.000000"/>
    <SnowMist value="0.000000"/>
	<Fog value="0.000000"/>
    <RippleBumpiness value="0.000000" />
    <RippleMinBumpiness value="0.000000" />
    <RippleMaxBumpiness value="0.000000" />
    <RippleBumpinessWindScale value="0.000000" />
    <RippleScale value="0.000000" />
    <RippleSpeed value="00.000000" />
    <RippleVelocityTransfer value="0.000000" />
    <OceanBumpiness value="0.000000" />
    <DeepOceanScale value="0.00000" />
    <OceanNoiseMinAmplitude value="00.00000" />
    <OceanWaveAmplitude value="0.000000" />
    <ShoreWaveAmplitude value="0.000000" />
    <OceanWaveWindScale value="0.000000" />
    <ShoreWaveWindScale value="0.000000" />
    <OceanWaveMinAmplitude value="0.000000" />
    <ShoreWaveMinAmplitude value="0.000000" />
    <OceanWaveMaxAmplitude value="00.00000" />
    <ShoreWaveMaxAmplitude value="0.0000000" />
    <OceanFoamIntensity value="0.000000" />
    <OceanFoamScale value="0.000000" />
    <RippleDisturb value="0.000000" />
    <Lightning value="false"/>
	<Sandstorm value="false"/>
	<OldSettingName>-</OldSettingName>
	<DropSettingName>-</DropSettingName>
    <MistSettingName></MistSettingName>
    <GroundSettingName>VFX_SNOW_HEAVY_GROUND</GroundSettingName>
	<TimeCycleFilename>COMMON:/DATA/TIMECYCLE/W_CLEAR.XML</TimeCycleFilename>
	<CloudSettingsName>MEDIUMclouds</CloudSettingsName>
  </Item>
  <Item>
	<Name>CLOUDS</Name>
	<Sun value="0.0"/>
	<Cloud value="0.000000"/>
	<WindMin value="0.0"/>
	<WindMax value="0.0"/>
	<Rain value="0.000000"/>
	<Wetness value="0.000000"/>
	<Snow value="0.000000"/>
    <SnowMist value="0.000000"/>
	<Fog value="0.000000"/>
    <RippleBumpiness value="0.000000" />
    <RippleMinBumpiness value="0.000000" />
    <RippleMaxBumpiness value="0.000000" />
    <RippleBumpinessWindScale value="0.000000" />
    <RippleScale value="0.000000" />
    <RippleSpeed value="00.000000" />
    <RippleVelocityTransfer value="0.000000" />
    <OceanBumpiness value="0.000000" />
    <DeepOceanScale value="0.00000" />
    <OceanNoiseMinAmplitude value="00.00000" />
    <OceanWaveAmplitude value="0.000000" />
    <ShoreWaveAmplitude value="0.000000" />
    <OceanWaveWindScale value="0.000000" />
    <ShoreWaveWindScale value="0.000000" />
    <OceanWaveMinAmplitude value="0.000000" />
    <ShoreWaveMinAmplitude value="0.000000" />
    <OceanWaveMaxAmplitude value="00.00000" />
    <ShoreWaveMaxAmplitude value="0.0000000" />
    <OceanFoamIntensity value="0.000000" />
    <OceanFoamScale value="0.000000" />
    <RippleDisturb value="0.000000" />
    <Lightning value="false"/>
	<Sandstorm value="false"/>
	<OldSettingName>-</OldSettingName>
	<DropSettingName>-</DropSettingName>
    <MistSettingName></MistSettingName>
    <GroundSettingName>VFX_SNOW_HEAVY_GROUND</GroundSettingName>
	<TimeCycleFilename>COMMON:/DATA/TIMECYCLE/W_CLOUDS.XML</TimeCycleFilename>
	<CloudSettingsName>MEDIUMclouds</CloudSettingsName>
  </Item>
  <Item>
	<Name>SMOG</Name>
	<Sun value="0.0"/>
	<Cloud value="0.000000"/>
	<WindMin value="0.0"/>
	<WindMax value="0.0"/>
	<Rain value="0.000000"/>
	<Wetness value="0.000000"/>
	<Snow value="0.000000"/>
    <SnowMist value="0.000000"/>
	<Fog value="0.000000"/>
    <RippleBumpiness value="0.000000" />
    <RippleMinBumpiness value="0.000000" />
    <RippleMaxBumpiness value="0.000000" />
    <RippleBumpinessWindScale value="0.000000" />
    <RippleScale value="0.000000" />
    <RippleSpeed value="00.000000" />
    <RippleVelocityTransfer value="0.000000" />
    <OceanBumpiness value="0.000000" />
    <DeepOceanScale value="0.00000" />
    <OceanNoiseMinAmplitude value="00.00000" />
    <OceanWaveAmplitude value="0.000000" />
    <ShoreWaveAmplitude value="0.000000" />
    <OceanWaveWindScale value="0.000000" />
    <ShoreWaveWindScale value="0.000000" />
    <OceanWaveMinAmplitude value="0.000000" />
    <ShoreWaveMinAmplitude value="0.000000" />
    <OceanWaveMaxAmplitude value="00.00000" />
    <ShoreWaveMaxAmplitude value="0.0000000" />
    <OceanFoamIntensity value="0.000000" />
    <OceanFoamScale value="0.000000" />
    <RippleDisturb value="0.000000" />
    <Lightning value="false"/>
	<Sandstorm value="false"/>
	<OldSettingName>-</OldSettingName>
	<DropSettingName>-</DropSettingName>
    <MistSettingName></MistSettingName>
    <GroundSettingName>VFX_SNOW_HEAVY_GROUND</GroundSettingName>
	<TimeCycleFilename>COMMON:/DATA/TIMECYCLE/W_SMOG.XML</TimeCycleFilename>
	<CloudSettingsName>MEDIUMclouds</CloudSettingsName>
  </Item>
  <Item>
	<Name>FOGGY</Name>
	<Sun value="0.0"/>
	<Cloud value="0.000000"/>
	<WindMin value="0.0"/>
	<WindMax value="0.0"/>
	<Rain value="0.000000"/>
	<Wetness value="0.000000"/>
	<Snow value="0.000000"/>
    <SnowMist value="0.000000"/>
	<Fog value="0.000000"/>
    <RippleBumpiness value="0.000000" />
    <RippleMinBumpiness value="0.000000" />
    <RippleMaxBumpiness value="0.000000" />
    <RippleBumpinessWindScale value="0.000000" />
    <RippleScale value="0.000000" />
    <RippleSpeed value="00.000000" />
    <RippleVelocityTransfer value="0.000000" />
    <OceanBumpiness value="0.000000" />
    <DeepOceanScale value="0.00000" />
    <OceanNoiseMinAmplitude value="00.00000" />
    <OceanWaveAmplitude value="0.000000" />
    <ShoreWaveAmplitude value="0.000000" />
    <OceanWaveWindScale value="0.000000" />
    <ShoreWaveWindScale value="0.000000" />
    <OceanWaveMinAmplitude value="0.000000" />
    <ShoreWaveMinAmplitude value="0.000000" />
    <OceanWaveMaxAmplitude value="00.00000" />
    <ShoreWaveMaxAmplitude value="0.0000000" />
    <OceanFoamIntensity value="0.000000" />
    <OceanFoamScale value="0.000000" />
    <RippleDisturb value="0.000000" />
    <Lightning value="false"/>
	<Sandstorm value="false"/>
	<OldSettingName>-</OldSettingName>
	<DropSettingName>-</DropSettingName>
    <MistSettingName></MistSettingName>
    <GroundSettingName>VFX_SNOW_HEAVY_GROUND</GroundSettingName>
	<TimeCycleFilename>COMMON:/DATA/TIMECYCLE/W_FOGGY.XML</TimeCycleFilename>
	<CloudSettingsName>MEDIUMclouds</CloudSettingsName>
  </Item>
  <Item>
	<Name>OVERCAST</Name>
	<Sun value="0.0"/>
	<Cloud value="0.000000"/>
	<WindMin value="0.0"/>
	<WindMax value="0.0"/>
	<Rain value="0.000000"/>
	<Wetness value="0.000000"/>
	<Snow value="0.000000"/>
    <SnowMist value="0.000000"/>
	<Fog value="0.000000"/>
    <RippleBumpiness value="0.000000" />
    <RippleMinBumpiness value="0.000000" />
    <RippleMaxBumpiness value="0.000000" />
    <RippleBumpinessWindScale value="0.000000" />
    <RippleScale value="0.000000" />
    <RippleSpeed value="00.000000" />
    <RippleVelocityTransfer value="0.000000" />
    <OceanBumpiness value="0.000000" />
    <DeepOceanScale value="0.00000" />
    <OceanNoiseMinAmplitude value="00.00000" />
    <OceanWaveAmplitude value="0.000000" />
    <ShoreWaveAmplitude value="0.000000" />
    <OceanWaveWindScale value="0.000000" />
    <ShoreWaveWindScale value="0.000000" />
    <OceanWaveMinAmplitude value="0.000000" />
    <ShoreWaveMinAmplitude value="0.000000" />
    <OceanWaveMaxAmplitude value="00.00000" />
    <ShoreWaveMaxAmplitude value="0.0000000" />
    <OceanFoamIntensity value="0.000000" />
    <OceanFoamScale value="0.000000" />
    <RippleDisturb value="0.000000" />
    <Lightning value="false"/>
	<Sandstorm value="false"/>
	<OldSettingName>-</OldSettingName>
	<DropSettingName>-</DropSettingName>
    <MistSettingName></MistSettingName>
    <GroundSettingName>VFX_SNOW_HEAVY_GROUND</GroundSettingName>
	<TimeCycleFilename>COMMON:/DATA/TIMECYCLE/W_OVERCAST.XML</TimeCycleFilename>
	<CloudSettingsName>MEDIUMclouds</CloudSettingsName>
  </Item>
  <Item>
    <Name>RAIN</Name>
	<Sun value="0.0"/>
	<Cloud value="0.000000"/>
	<WindMin value="0.0"/>
	<WindMax value="0.0"/>
	<Rain value="0.000000"/>
	<Wetness value="0.000000"/>
	<Snow value="0.000000"/>
    <SnowMist value="0.000000"/>
	<Fog value="0.000000"/>
    <RippleBumpiness value="0.000000" />
    <RippleMinBumpiness value="0.000000" />
    <RippleMaxBumpiness value="0.000000" />
    <RippleBumpinessWindScale value="0.000000" />
    <RippleScale value="0.000000" />
    <RippleSpeed value="00.000000" />
    <RippleVelocityTransfer value="0.000000" />
    <OceanBumpiness value="0.000000" />
    <DeepOceanScale value="0.00000" />
    <OceanNoiseMinAmplitude value="00.00000" />
    <OceanWaveAmplitude value="0.000000" />
    <ShoreWaveAmplitude value="0.000000" />
    <OceanWaveWindScale value="0.000000" />
    <ShoreWaveWindScale value="0.000000" />
    <OceanWaveMinAmplitude value="0.000000" />
    <ShoreWaveMinAmplitude value="0.000000" />
    <OceanWaveMaxAmplitude value="00.00000" />
    <ShoreWaveMaxAmplitude value="0.0000000" />
    <OceanFoamIntensity value="0.000000" />
    <OceanFoamScale value="0.000000" />
    <RippleDisturb value="0.000000" />
    <Lightning value="false"/>
	<Sandstorm value="false"/>
    <DropSettingName>RAINSTORM_DROP</DropSettingName>
    <MistSettingName>RAINSTORM_MIST</MistSettingName>
    <GroundSettingName>RAINSTORM_GROUND</GroundSettingName>
	<TimeCycleFilename>COMMON:/DATA/TIMECYCLE/W_RAIN.XML</TimeCycleFilename>
    <CloudSettingsName>RAINclouds</CloudSettingsName>
  </Item>
  <Item>
    <Name>THUNDER</Name>
	<Sun value="0.0"/>
	<Cloud value="0.000000"/>
	<WindMin value="0.0"/>
	<WindMax value="0.0"/>
	<Rain value="0.000000"/>
	<Wetness value="0.000000"/>
	<Snow value="0.000000"/>
    <SnowMist value="0.000000"/>
	<Fog value="0.000000"/>
    <RippleBumpiness value="0.000000" />
    <RippleMinBumpiness value="0.000000" />
    <RippleMaxBumpiness value="0.000000" />
    <RippleBumpinessWindScale value="0.000000" />
    <RippleScale value="0.000000" />
    <RippleSpeed value="00.000000" />
    <RippleVelocityTransfer value="0.000000" />
    <OceanBumpiness value="0.000000" />
    <DeepOceanScale value="0.00000" />
    <OceanNoiseMinAmplitude value="00.00000" />
    <OceanWaveAmplitude value="0.000000" />
    <ShoreWaveAmplitude value="0.000000" />
    <OceanWaveWindScale value="0.000000" />
    <ShoreWaveWindScale value="0.000000" />
    <OceanWaveMinAmplitude value="0.000000" />
    <ShoreWaveMinAmplitude value="0.000000" />
    <OceanWaveMaxAmplitude value="00.00000" />
    <ShoreWaveMaxAmplitude value="0.0000000" />
    <OceanFoamIntensity value="0.000000" />
    <OceanFoamScale value="0.000000" />
    <RippleDisturb value="0.000000" />
    <Lightning value="false"/>
	<Sandstorm value="false"/>
    <DropSettingName>THUNDER_DROP</DropSettingName>
    <MistSettingName>THUNDER_MIST</MistSettingName>
    <GroundSettingName>THUNDER_GROUND</GroundSettingName>
	<TimeCycleFilename>COMMON:/DATA/TIMECYCLE/W_THUNDER.XML</TimeCycleFilename>
    <CloudSettingsName>STORMclouds</CloudSettingsName>
  </Item>
  <Item>
	<Name>CLEARING</Name>
	<Sun value="0.0"/>
	<Cloud value="0.000000"/>
	<WindMin value="0.0"/>
	<WindMax value="0.0"/>
	<Rain value="0.000000"/>
	<Wetness value="0.000000"/>
	<Snow value="0.000000"/>
    <SnowMist value="0.000000"/>
	<Fog value="0.000000"/>
    <RippleBumpiness value="0.000000" />
    <RippleMinBumpiness value="0.000000" />
    <RippleMaxBumpiness value="0.000000" />
    <RippleBumpinessWindScale value="0.000000" />
    <RippleScale value="0.000000" />
    <RippleSpeed value="00.000000" />
    <RippleVelocityTransfer value="0.000000" />
    <OceanBumpiness value="0.000000" />
    <DeepOceanScale value="0.00000" />
    <OceanNoiseMinAmplitude value="00.00000" />
    <OceanWaveAmplitude value="0.000000" />
    <ShoreWaveAmplitude value="0.000000" />
    <OceanWaveWindScale value="0.000000" />
    <ShoreWaveWindScale value="0.000000" />
    <OceanWaveMinAmplitude value="0.000000" />
    <ShoreWaveMinAmplitude value="0.000000" />
    <OceanWaveMaxAmplitude value="00.00000" />
    <ShoreWaveMaxAmplitude value="0.0000000" />
    <OceanFoamIntensity value="0.000000" />
    <OceanFoamScale value="0.000000" />
    <RippleDisturb value="0.000000" />
    <Lightning value="false"/>
	<Sandstorm value="false"/>
	<OldSettingName>-</OldSettingName>
	<DropSettingName>-</DropSettingName>
    <MistSettingName></MistSettingName>
    <GroundSettingName>VFX_SNOW_HEAVY_GROUND</GroundSettingName>
	<TimeCycleFilename>COMMON:/DATA/TIMECYCLE/W_CLEARING.XML</TimeCycleFilename>
	<CloudSettingsName>MEDIUMclouds</CloudSettingsName>
  </Item>
  <Item>
	<Name>NEUTRAL</Name>
	<Sun value="0.0"/>
	<Cloud value="0.000000"/>
	<WindMin value="0.0"/>
	<WindMax value="0.0"/>
	<Rain value="0.000000"/>
	<Wetness value="0.000000"/>
	<Snow value="0.000000"/>
    <SnowMist value="0.000000"/>
	<Fog value="0.000000"/>
    <RippleBumpiness value="0.000000" />
    <RippleMinBumpiness value="0.000000" />
    <RippleMaxBumpiness value="0.000000" />
    <RippleBumpinessWindScale value="0.000000" />
    <RippleScale value="0.000000" />
    <RippleSpeed value="00.000000" />
    <RippleVelocityTransfer value="0.000000" />
    <OceanBumpiness value="0.000000" />
    <DeepOceanScale value="0.00000" />
    <OceanNoiseMinAmplitude value="00.00000" />
    <OceanWaveAmplitude value="0.000000" />
    <ShoreWaveAmplitude value="0.000000" />
    <OceanWaveWindScale value="0.000000" />
    <ShoreWaveWindScale value="0.000000" />
    <OceanWaveMinAmplitude value="0.000000" />
    <ShoreWaveMinAmplitude value="0.000000" />
    <OceanWaveMaxAmplitude value="00.00000" />
    <ShoreWaveMaxAmplitude value="0.0000000" />
    <OceanFoamIntensity value="0.000000" />
    <OceanFoamScale value="0.000000" />
    <RippleDisturb value="0.000000" />
    <Lightning value="false"/>
	<Sandstorm value="false"/>
	<OldSettingName>-</OldSettingName>
	<DropSettingName>-</DropSettingName>
    <MistSettingName></MistSettingName>
    <GroundSettingName>VFX_SNOW_HEAVY_GROUND</GroundSettingName>
	<TimeCycleFilename>COMMON:/DATA/TIMECYCLE/W_NEUTRAL.XML</TimeCycleFilename>
	<CloudSettingsName>MEDIUMclouds</CloudSettingsName>
  </Item>
  <Item>
    <Name>SNOW</Name>
	<Sun value="0.0"/>
	<Cloud value="0.000000"/>
	<WindMin value="0.0"/>
	<WindMax value="0.0"/>
	<Rain value="0.000000"/>
	<Wetness value="0.000000"/>
	<Snow value="0.000000"/>
    <SnowMist value="0.000000"/>
	<Fog value="0.000000"/>
    <RippleBumpiness value="0.000000" />
    <RippleMinBumpiness value="0.000000" />
    <RippleMaxBumpiness value="0.000000" />
    <RippleBumpinessWindScale value="0.000000" />
    <RippleScale value="0.000000" />
    <RippleSpeed value="00.000000" />
    <RippleVelocityTransfer value="0.000000" />
    <OceanBumpiness value="0.000000" />
    <DeepOceanScale value="0.00000" />
    <OceanNoiseMinAmplitude value="00.00000" />
    <OceanWaveAmplitude value="0.000000" />
    <ShoreWaveAmplitude value="0.000000" />
    <OceanWaveWindScale value="0.000000" />
    <ShoreWaveWindScale value="0.000000" />
    <OceanWaveMinAmplitude value="0.000000" />
    <ShoreWaveMinAmplitude value="0.000000" />
    <OceanWaveMaxAmplitude value="00.00000" />
    <ShoreWaveMaxAmplitude value="0.0000000" />
    <OceanFoamIntensity value="0.000000" />
    <OceanFoamScale value="0.000000" />
    <RippleDisturb value="0.000000" />
    <Lightning value="false"/>
	<Sandstorm value="false"/>
    <DropSettingName>VFX_SNOW_LIGHT_DROP</DropSettingName>
    <MistSettingName>-</MistSettingName>
    <GroundSettingName>VFX_SNOW_HEAVY_GROUND</GroundSettingName>
	<TimeCycleFilename>COMMON:/DATA/TIMECYCLE/W_snow.XML</TimeCycleFilename>
    <CloudSettingsName>NOclouds</CloudSettingsName>
  </Item>
    <Item>
	<Name>BLIZZARD</Name>
	<Sun value="0.0"/>
	<Cloud value="0.000000"/>
	<WindMin value="0.0"/>
	<WindMax value="0.0"/>
	<Rain value="0.000000"/>
	<Wetness value="0.000000"/>
	<Snow value="0.000000"/>
    <SnowMist value="0.000000"/>
	<Fog value="0.000000"/>
    <RippleBumpiness value="0.000000" />
    <RippleMinBumpiness value="0.000000" />
    <RippleMaxBumpiness value="0.000000" />
    <RippleBumpinessWindScale value="0.000000" />
    <RippleScale value="0.000000" />
    <RippleSpeed value="00.000000" />
    <RippleVelocityTransfer value="0.000000" />
    <OceanBumpiness value="0.000000" />
    <DeepOceanScale value="0.00000" />
    <OceanNoiseMinAmplitude value="00.00000" />
    <OceanWaveAmplitude value="0.000000" />
    <ShoreWaveAmplitude value="0.000000" />
    <OceanWaveWindScale value="0.000000" />
    <ShoreWaveWindScale value="0.000000" />
    <OceanWaveMinAmplitude value="0.000000" />
    <ShoreWaveMinAmplitude value="0.000000" />
    <OceanWaveMaxAmplitude value="00.00000" />
    <ShoreWaveMaxAmplitude value="0.0000000" />
    <OceanFoamIntensity value="0.000000" />
    <OceanFoamScale value="0.000000" />
    <RippleDisturb value="0.000000" />
    <Lightning value="false"/>
	<Sandstorm value="false"/>
	<OldSettingName>-</OldSettingName>
	<DropSettingName>-</DropSettingName>
    <MistSettingName></MistSettingName>
    <GroundSettingName>VFX_SNOW_HEAVY_GROUND</GroundSettingName>
	<TimeCycleFilename>COMMON:/DATA/TIMECYCLE/W_BLIZZARD.XML</TimeCycleFilename>
	<CloudSettingsName>MEDIUMclouds</CloudSettingsName>
  </Item>
  <Item>
    <Name>SNOWLIGHT</Name>
	<Sun value="0.0"/>
	<Cloud value="0.000000"/>
	<WindMin value="0.0"/>
	<WindMax value="0.0"/>
	<Rain value="0.000000"/>
	<Wetness value="0.000000"/>
	<Snow value="0.000000"/>
    <SnowMist value="0.000000"/>
	<Fog value="0.000000"/>
    <RippleBumpiness value="0.000000" />
    <RippleMinBumpiness value="0.000000" />
    <RippleMaxBumpiness value="0.000000" />
    <RippleBumpinessWindScale value="0.000000" />
    <RippleScale value="0.000000" />
    <RippleSpeed value="00.000000" />
    <RippleVelocityTransfer value="0.000000" />
    <OceanBumpiness value="0.000000" />
    <DeepOceanScale value="0.00000" />
    <OceanNoiseMinAmplitude value="00.00000" />
    <OceanWaveAmplitude value="0.000000" />
    <ShoreWaveAmplitude value="0.000000" />
    <OceanWaveWindScale value="0.000000" />
    <ShoreWaveWindScale value="0.000000" />
    <OceanWaveMinAmplitude value="0.000000" />
    <ShoreWaveMinAmplitude value="0.000000" />
    <OceanWaveMaxAmplitude value="00.00000" />
    <ShoreWaveMaxAmplitude value="0.0000000" />
    <OceanFoamIntensity value="0.000000" />
    <OceanFoamScale value="0.000000" />
    <RippleDisturb value="0.000000" />
    <Lightning value="false"/>
	<Sandstorm value="false"/>
    <DropSettingName>VFX_SNOW_LIGHT_DROP</DropSettingName>
    <MistSettingName>-</MistSettingName>
    <GroundSettingName>VFX_SNOW_HEAVY_GROUND</GroundSettingName>
    <TimeCycleFilename>COMMON:/DATA/TIMECYCLE/W_snowlight.XML</TimeCycleFilename>
    <CloudSettingsName>SNOWclouds2</CloudSettingsName>
	</Item>
  <Item>
    <Name>XMAS</Name>
	<Sun value="0.0"/>
	<Cloud value="0.000000"/>
	<WindMin value="0.0"/>
	<WindMax value="0.0"/>
	<Rain value="0.000000"/>
	<Wetness value="0.000000"/>
	<Snow value="0.000000"/>
    <SnowMist value="0.000000"/>
	<Fog value="0.000000"/>
    <RippleBumpiness value="0.000000" />
    <RippleMinBumpiness value="0.000000" />
    <RippleMaxBumpiness value="0.000000" />
    <RippleBumpinessWindScale value="0.000000" />
    <RippleScale value="0.000000" />
    <RippleSpeed value="00.000000" />
    <RippleVelocityTransfer value="0.000000" />
    <OceanBumpiness value="0.000000" />
    <DeepOceanScale value="0.00000" />
    <OceanNoiseMinAmplitude value="00.00000" />
    <OceanWaveAmplitude value="0.000000" />
    <ShoreWaveAmplitude value="0.000000" />
    <OceanWaveWindScale value="0.000000" />
    <ShoreWaveWindScale value="0.000000" />
    <OceanWaveMinAmplitude value="0.000000" />
    <ShoreWaveMinAmplitude value="0.000000" />
    <OceanWaveMaxAmplitude value="00.00000" />
    <ShoreWaveMaxAmplitude value="0.0000000" />
    <OceanFoamIntensity value="0.000000" />
    <OceanFoamScale value="0.000000" />
    <RippleDisturb value="0.000000" />
    <Lightning value="false"/>
	<Sandstorm value="false"/>
    <DropSettingName>VFX_SNOW_LIGHT_DROP</DropSettingName>
    <MistSettingName>-</MistSettingName>
    <GroundSettingName>-</GroundSettingName>
    <TimeCycleFilename>COMMON:/DATA/TIMECYCLE/W_XMAS.XML</TimeCycleFilename>
    <CloudSettingsName>XMASclouds</CloudSettingsName>
  </Item>
  <Item>
    <Name>HALLOWEEN</Name>
	<Sun value="0.0"/>
	<Cloud value="0.000000"/>
	<WindMin value="0.0"/>
	<WindMax value="0.0"/>
	<Rain value="0.000000"/>
	<Wetness value="0.000000"/>
	<Snow value="0.000000"/>
    <SnowMist value="0.000000"/>
	<Fog value="0.000000"/>
    <RippleBumpiness value="0.000000" />
    <RippleMinBumpiness value="0.000000" />
    <RippleMaxBumpiness value="0.000000" />
    <RippleBumpinessWindScale value="0.000000" />
    <RippleScale value="0.000000" />
    <RippleSpeed value="00.000000" />
    <RippleVelocityTransfer value="0.000000" />
    <OceanBumpiness value="0.000000" />
    <DeepOceanScale value="0.00000" />
    <OceanNoiseMinAmplitude value="00.00000" />
    <OceanWaveAmplitude value="0.000000" />
    <ShoreWaveAmplitude value="0.000000" />
    <OceanWaveWindScale value="0.000000" />
    <ShoreWaveWindScale value="0.000000" />
    <OceanWaveMinAmplitude value="0.000000" />
    <ShoreWaveMinAmplitude value="0.000000" />
    <OceanWaveMaxAmplitude value="00.00000" />
    <ShoreWaveMaxAmplitude value="0.0000000" />
    <OceanFoamIntensity value="0.000000" />
    <OceanFoamScale value="0.000000" />
    <RippleDisturb value="0.000000" />
    <Lightning value="false"/>
	<Sandstorm value="false"/>
    <DropSettingName>RAINSTORM_DROP</DropSettingName>
    <MistSettingName>RAINSTORM_MIST</MistSettingName>
    <GroundSettingName>RAINSTORM_GROUND</GroundSettingName>
	<TimeCycleFilename>COMMON:/DATA/TIMECYCLE/W_HALLOWEEN.XML</TimeCycleFilename>
    <CloudSettingsName>HALLOWEENclouds</CloudSettingsName>
  </Item> 
  </WeatherTypes>
  <WeatherCycles>
    <Item>
      <CycleName>EXTRASUNNY</CycleName>
      <TimeMult value="2" />
    </Item>
    <Item>
      <CycleName>CLEAR</CycleName>
      <TimeMult value="1"/>
    </Item>
    <Item>
      <CycleName>CLOUDS</CycleName>
      <TimeMult value="4"/>
    </Item>
	 <Item>
      <CycleName>EXTRASUNNY</CycleName>
      <TimeMult value="1"/>
    </Item>
    <Item>
      <CycleName>CLEAR</CycleName>
      <TimeMult value="3"/>
    </Item>
    <Item>
      <CycleName>CLOUDS</CycleName>
      <TimeMult value="2"/>
    </Item>
    <Item>
      <CycleName>EXTRASUNNY</CycleName>
      <TimeMult value="1"/>
    </Item>
	<Item>
      <CycleName>RAIN</CycleName>
      <TimeMult value="1"/>
    </Item>
	<Item>
      <CycleName>OVERCAST</CycleName>
      <TimeMult value="1"/>
    </Item>
	<Item>
      <CycleName>CLOUDS</CycleName>
      <TimeMult value="1"/>
    </Item>
    <Item>
      <CycleName>EXTRASUNNY</CycleName>
      <TimeMult value="2"/>
    </Item>
       <Item>
      <CycleName>CLEAR</CycleName>
      <TimeMult value="3"/>
    </Item>
    <Item>
      <CycleName>OVERCAST</CycleName>
      <TimeMult value="2"/>
    </Item>
	<Item>
      <CycleName>RAIN</CycleName>
      <TimeMult value="1"/>
    </Item>
	<Item>
      <CycleName>CLEARING</CycleName>
      <TimeMult value="1"/>
    </Item>
    <Item>
      <CycleName>CLEAR</CycleName>
      <TimeMult value="5"/>
    </Item>
	<Item>
      <CycleName>EXTRASUNNY</CycleName>
      <TimeMult value="1"/>
    </Item>
    <Item>
      <CycleName>CLEAR</CycleName>
      <TimeMult value="3"/>
    </Item>
    <Item>
      <CycleName>EXTRASUNNY</CycleName>
      <TimeMult value="2"/>
    </Item>
    <Item>
      <CycleName>CLOUDS</CycleName>
      <TimeMult value="1"/>
    </Item>
    <Item>
      <CycleName>CLEARING</CycleName>
      <TimeMult value="5"/>
    </Item>
    <Item>
      <CycleName>CLEAR</CycleName>
      <TimeMult value="2"/>
    </Item>
    <Item>
      <CycleName>RAIN</CycleName>
      <TimeMult value="2"/>
    </Item>
    <Item>
      <CycleName>CLEAR</CycleName>
      <TimeMult value="2"/>
    </Item>
    <Item>
      <CycleName>CLOUDS</CycleName>
      <TimeMult value="1"/>
    </Item>
    <Item>
      <CycleName>EXTRASUNNY</CycleName>
      <TimeMult value="1"/>
    </Item>
       <Item>
      <CycleName>EXTRASUNNY</CycleName>
      <TimeMult value="2"/>
    </Item>
	<Item>
      <CycleName>CLEAR</CycleName>
      <TimeMult value="2"/>
    </Item>
    <Item>
      <CycleName>EXTRASUNNY</CycleName>
      <TimeMult value="2"/>
    </Item>
       <Item>
      <CycleName>CLEAR</CycleName>
      <TimeMult value="3"/>
    </Item>
       <Item>
      <CycleName>FOGGY</CycleName>
      <TimeMult value="1"/>
    </Item>
    <Item>
      <CycleName>CLOUDS</CycleName>
      <TimeMult value="2"/>
    </Item>
      <Item>
      <CycleName>OVERCAST</CycleName>
      <TimeMult value="4"/>
    </Item>
	<Item>
      <CycleName>RAIN</CycleName>
      <TimeMult value="1"/>
    </Item>
    <Item>
      <CycleName>CLEAR</CycleName>
      <TimeMult value="1"/>
    </Item>
    <Item>
      <CycleName>EXTRASUNNY</CycleName>
      <TimeMult value="2"/>
    </Item>
    <Item>
      <CycleName>EXTRASUNNY</CycleName>
      <TimeMult value="1"/>
    </Item>
    <Item>
      <CycleName>CLEAR</CycleName>
      <TimeMult value="2"/>
    </Item>
	<Item>
      <CycleName>OVERCAST</CycleName>
      <TimeMult value="1"/>
    </Item>
    <Item>
      <CycleName>OVERCAST</CycleName>
      <TimeMult value="1"/>
    </Item>
	<Item>
      <CycleName>FOGGY</CycleName>
      <TimeMult value="2"/>
    </Item>
   <Item>
      <CycleName>FOGGY</CycleName>
      <TimeMult value="1"/>
    </Item>
    <Item>
      <CycleName>EXTRASUNNY</CycleName>
      <TimeMult value="3"/>
    </Item>
    <Item>
      <CycleName>CLOUDS</CycleName>
      <TimeMult value="4"/>
    </Item>
	    <Item>
      <CycleName>CLOUDS</CycleName>
      <TimeMult value="5"/>
    </Item>
    <Item>
      <CycleName>EXTRASUNNY</CycleName>
      <TimeMult value="2"/>
    </Item>
    <Item>
      <CycleName>EXTRASUNNY</CycleName>
      <TimeMult value="2"/>
    </Item>
	<Item>
      <CycleName>CLEAR</CycleName>
      <TimeMult value="3"/>
    </Item>
    <Item>
      <CycleName>OVERCAST</CycleName>
      <TimeMult value="1"/>
    </Item>
    <Item>
      <CycleName>CLEAR</CycleName>
      <TimeMult value="3"/>
    </Item>
    <Item>
      <CycleName>OVERCAST</CycleName>
      <TimeMult value="3"/>
    </Item>
    <Item>
      <CycleName>THUNDER</CycleName>
      <TimeMult value="1"/>
    </Item>
    <Item>
      <CycleName>CLEAR</CycleName>
      <TimeMult value="1"/>
    </Item>
    <Item>
      <CycleName>CLEAR</CycleName>
      <TimeMult value="1"/>
    </Item>
    <Item>
      <CycleName>CLOUDS</CycleName>
      <TimeMult value="1"/>
    </Item>
    <Item>
      <CycleName>EXTRASUNNY</CycleName>
      <TimeMult value="2"/>
    </Item>
    <Item>
      <CycleName>CLEAR</CycleName>
      <TimeMult value="4"/>
    </Item>
    <Item>
      <CycleName>OVERCAST</CycleName>
      <TimeMult value="2"/>
    </Item>
	<Item>
      <CycleName>THUNDER</CycleName>
      <TimeMult value="2"/>
    </Item>
	<Item>
      <CycleName>FOGGY</CycleName>
      <TimeMult value="2"/>
    </Item>
    <Item>
      <CycleName>CLEAR</CycleName>
      <TimeMult value="3"/>
    </Item>
    <Item>
      <CycleName>EXTRASUNNY</CycleName>
      <TimeMult value="1"/>
    </Item>
    <Item>
      <CycleName>CLOUDS</CycleName>
      <TimeMult value="1"/>
    </Item>
    <Item>
      <CycleName>CLEAR</CycleName>
      <TimeMult value="5"/>
    </Item>
    <Item>
      <CycleName>CLEAR</CycleName>
      <TimeMult value="1"/>
    </Item>
    <Item>
      <CycleName>OVERCAST</CycleName>
      <TimeMult value="2"/>
    </Item>
	<Item>
      <CycleName>RAIN</CycleName>
      <TimeMult value="1"/>
    </Item>
    <Item>
      <CycleName>FOGGY</CycleName>
      <TimeMult value="2"/>
    </Item>
    <Item>
      <CycleName>EXTRASUNNY</CycleName>
      <TimeMult value="1"/>
    </Item>
    <Item>
      <CycleName>CLEAR</CycleName>
      <TimeMult value="2"/>
    </Item>
    <Item>
      <CycleName>EXTRASUNNY</CycleName>
      <TimeMult value="1"/>
    </Item>
    <Item>
      <CycleName>EXTRASUNNY</CycleName>
      <TimeMult value="2"/>
    </Item>
    <Item>
      <CycleName>CLOUDS</CycleName>
      <TimeMult value="3"/>
    </Item>
    <Item>
      <CycleName>CLEAR</CycleName>
      <TimeMult value="5"/>
    </Item>
    <Item>
      <CycleName>CLEAR</CycleName>
      <TimeMult value="3"/>
    </Item>
    <Item>
      <CycleName>FOGGY</CycleName>
      <TimeMult value="2"/>
    </Item>
    <Item>
      <CycleName>CLEAR</CycleName>
      <TimeMult value="1"/>
    </Item>
    <Item>
      <CycleName>EXTRASUNNY</CycleName>
      <TimeMult value="1"/>
    </Item>
    <Item>
      <CycleName>EXTRASUNNY</CycleName>
      <TimeMult value="3"/>
    </Item>
	 <Item>
      <CycleName>CLEAR</CycleName>
      <TimeMult value="2"/>
    </Item>
    <Item>
      <CycleName>OVERCAST</CycleName>
      <TimeMult value="3"/>
    </Item>
    <Item>
      <CycleName>CLEAR</CycleName>
      <TimeMult value="1"/>
    </Item>
    <Item>
      <CycleName>EXTRASUNNY</CycleName>
      <TimeMult value="1"/>
    </Item>
    <Item>
      <CycleName>CLOUDS</CycleName>
      <TimeMult value="1"/>
    </Item>
    <Item>
      <CycleName>CLEAR</CycleName>
      <TimeMult value="3"/>
    </Item>
    <Item>
      <CycleName>EXTRASUNNY</CycleName>
      <TimeMult value="2"/>
    </Item>
    <Item>
      <CycleName>EXTRASUNNY</CycleName>
      <TimeMult value="1"/>
    </Item>
    <Item>
      <CycleName>CLEAR</CycleName>
      <TimeMult value="3"/>
    </Item>
    <Item>
      <CycleName>CLOUDS</CycleName>
      <TimeMult value="5"/>
    </Item>
    <Item>
      <CycleName>CLOUDS</CycleName>
      <TimeMult value="3"/>
	</Item>
    <Item>
      <CycleName>EXTRASUNNY</CycleName>
      <TimeMult value="2"/>
    </Item>
       <Item>
      <CycleName>CLEAR</CycleName>
      <TimeMult value="1"/>
    </Item>
    <Item>
      <CycleName>OVERCAST</CycleName>
      <TimeMult value="2"/>
    </Item>
    <Item>
      <CycleName>CLEAR</CycleName>
      <TimeMult value="3"/>
    </Item>
    <Item>
      <CycleName>FOGGY</CycleName>
      <TimeMult value="1"/>
    </Item>
    <Item>
      <CycleName>FOGGY</CycleName>
      <TimeMult value="2"/>
    </Item>
    <Item>
      <CycleName>FOGGY</CycleName>
      <TimeMult value="1"/>
    </Item>
    <Item>
      <CycleName>CLEAR</CycleName>
      <TimeMult value="1"/>
    </Item>
	  <Item>
      <CycleName>EXTRASUNNY</CycleName>
      <TimeMult value="2"/>
    </Item>
    <Item>
      <CycleName>EXTRASUNNY</CycleName>
      <TimeMult value="1"/>
    </Item>
    <Item>
      <CycleName>CLOUDS</CycleName>
      <TimeMult value="3"/>
    </Item>
    <Item>
      <CycleName>CLOUDS</CycleName>
      <TimeMult value="1"/>
    </Item>
	<Item>
      <CycleName>CLEAR</CycleName>
      <TimeMult value="5"/>
    </Item>
    <Item>
      <CycleName>CLEAR</CycleName>
      <TimeMult value="2"/>
    </Item>
	<Item>
      <CycleName>CLEAR</CycleName>
      <TimeMult value="5"/>
    </Item>
    <Item>
      <CycleName>EXTRASUNNY</CycleName>
      <TimeMult value="2"/>
    </Item>
    <Item>
      <CycleName>EXTRASUNNY</CycleName>
      <TimeMult value="1"/>
    </Item>
	<Item>
      <CycleName>CLEAR</CycleName>
      <TimeMult value="5"/>
    </Item>
    <Item>
      <CycleName>CLEAR</CycleName>
      <TimeMult value="1"/>
    </Item>
	<Item>
      <CycleName>CLEAR</CycleName>
      <TimeMult value="5"/>
    </Item>
    <Item>
      <CycleName>EXTRASUNNY</CycleName>
      <TimeMult value="1"/>
    </Item>
        <Item>
      <CycleName>CLOUDS</CycleName>
      <TimeMult value="3"/>
    </Item>
    <Item>
      <CycleName>CLOUDS</CycleName>
      <TimeMult value="2"/>
    </Item>
    <Item>
      <CycleName>CLOUDS</CycleName>
      <TimeMult value="2"/>
    </Item>
    <Item>
      <CycleName>CLOUDS</CycleName>
      <TimeMult value="4"/>
	</Item>
    <Item>
      <CycleName>OVERCAST</CycleName>
      <TimeMult value="1"/>
    </Item>
    <Item>
      <CycleName>THUNDER</CycleName>
      <TimeMult value="2"/>
    </Item>
    <Item>
      <CycleName>RAIN</CycleName>
      <TimeMult value="1"/>
    </Item>
    <Item>
      <CycleName>EXTRASUNNY</CycleName>
      <TimeMult value="2"/>
    </Item>
    <Item>
      <CycleName>CLEAR</CycleName>
      <TimeMult value="2"/>
    </Item>
    <Item>
      <CycleName>EXTRASUNNY</CycleName>
      <TimeMult value="1"/>
    </Item>
    <Item>
      <CycleName>EXTRASUNNY</CycleName>
      <TimeMult value="2"/>
    </Item>
	<Item>
      <CycleName>CLEAR</CycleName>
      <TimeMult value="5"/>
    </Item>
    <Item>
      <CycleName>CLEAR</CycleName>
      <TimeMult value="3"/>
    </Item>
	 <Item>
      <CycleName>OVERCAST</CycleName>
      <TimeMult value="1"/>
    </Item>
	<Item>
      <CycleName>RAIN</CycleName>
      <TimeMult value="3"/>
    </Item>
	<Item>
      <CycleName>CLEARING</CycleName>
      <TimeMult value="3"/>
    </Item>
    <Item>
      <CycleName>EXTRASUNNY</CycleName>
      <TimeMult value="2"/>
    </Item>
    <Item>
      <CycleName>CLOUDS</CycleName>
      <TimeMult value="1"/>
    </Item>
	<Item>
      <CycleName>CLEAR</CycleName>
      <TimeMult value="5"/>
    </Item>
    <Item>
      <CycleName>EXTRASUNNY</CycleName>
      <TimeMult value="1"/>
    </Item>
    <Item>
      <CycleName>EXTRASUNNY</CycleName>
      <TimeMult value="1"/>
    </Item>
    <Item>
      <CycleName>CLEAR</CycleName>
      <TimeMult value="3"/>
    </Item>
    <Item>
      <CycleName>EXTRASUNNY</CycleName>
      <TimeMult value="2"/>
    </Item>
    <Item>
      <CycleName>EXTRASUNNY</CycleName>
      <TimeMult value="1"/>
    </Item>
    <Item>
      <CycleName>CLEAR</CycleName>
      <TimeMult value="3"/>
    </Item>
    <Item>
      <CycleName>CLOUDS</CycleName>
      <TimeMult value="5"/>
    </Item>
    <Item>
      <CycleName>CLOUDS</CycleName>
      <TimeMult value="3"/>
    </Item>
    <Item>
      <CycleName>OVERCAST</CycleName>
      <TimeMult value="2"/>
    </Item>
	<Item>
      <CycleName>RAIN</CycleName>
      <TimeMult value="3"/>
    </Item>
	 <Item>
      <CycleName>CLEARING</CycleName>
      <TimeMult value="3"/>
    </Item>
   <Item>
      <CycleName>CLEAR</CycleName>
      <TimeMult value="2"/>
    </Item>
    <Item>
      <CycleName>CLEAR</CycleName>
      <TimeMult value="4"/>
    </Item>
    <Item>
      <CycleName>EXTRASUNNY</CycleName>
      <TimeMult value="2"/>
    </Item>
    <Item>
      <CycleName>EXTRASUNNY</CycleName>
      <TimeMult value="1"/>
    </Item>
    <Item>
      <CycleName>CLOUDS</CycleName>
      <TimeMult value="3"/>
    </Item>
    <Item>
      <CycleName>CLOUDS</CycleName>
      <TimeMult value="1"/>
    </Item>
    <Item>
      <CycleName>CLEAR</CycleName>
      <TimeMult value="1"/>
    </Item>
        <Item>
      <CycleName>CLEAR</CycleName>
      <TimeMult value="4"/>
    </Item>
    <Item>
      <CycleName>EXTRASUNNY</CycleName>
      <TimeMult value="1"/>
    </Item>
    <Item>
      <CycleName>EXTRASUNNY</CycleName>
      <TimeMult value="1"/>
    </Item>
    <Item>
      <CycleName>CLEAR</CycleName>
      <TimeMult value="3"/>
    </Item>
    <Item>
      <CycleName>EXTRASUNNY</CycleName>
      <TimeMult value="2"/>
    </Item>
    <Item>
      <CycleName>EXTRASUNNY</CycleName>
      <TimeMult value="1"/>
    </Item>
    <Item>
      <CycleName>OVERCAST</CycleName>
      <TimeMult value="5"/>
    </Item>
    <Item>
      <CycleName>CLEAR</CycleName>
      <TimeMult value="2"/>
    </Item>
    <Item>
      <CycleName>CLEAR</CycleName>
      <TimeMult value="2"/>
    </Item>
    <Item>
      <CycleName>CLEAR</CycleName>
      <TimeMult value="5"/>
    </Item>
    <Item>
      <CycleName>CLOUDS</CycleName>
      <TimeMult value="2"/>
    </Item>
	<Item>
      <CycleName>CLOUDS</CycleName>
      <TimeMult value="1"/>
    </Item>
    <Item>
      <CycleName>CLEAR</CycleName>
      <TimeMult value="3"/>
    </Item>
	<Item>
      <CycleName>EXTRASUNNY</CycleName>
      <TimeMult value="1"/>
    </Item>
    <Item>
      <CycleName>CLEAR</CycleName>
      <TimeMult value="5"/>
    </Item>
	<Item>
      <CycleName>OVERCAST</CycleName>
      <TimeMult value="5"/>
    </Item>
    <Item>
      <CycleName>RAIN</CycleName>
      <TimeMult value="3"/>
    </Item>
	<Item>
      <CycleName>CLEARING</CycleName>
      <TimeMult value="3"/>
    </Item>
   <Item>
      <CycleName>CLEAR</CycleName>
      <TimeMult value="2"/>
    </Item>
    <Item>
      <CycleName>CLEAR</CycleName>
      <TimeMult value="4"/>
    </Item>
    <Item>
      <CycleName>EXTRASUNNY</CycleName>
      <TimeMult value="2"/>
    </Item>
	<Item>
      <CycleName>CLOUDS</CycleName>
      <TimeMult value="3"/>
    </Item>
    <Item>
      <CycleName>OVERCAST</CycleName>
      <TimeMult value="1"/>
    </Item>
    <Item>
      <CycleName>THUNDER</CycleName>
      <TimeMult value="2"/>
    </Item>
    <Item>
      <CycleName>EXTRASUNNY</CycleName>
      <TimeMult value="1"/>
    </Item>
  </WeatherCycles>
</CContentsOfWeatherXmlFile>