[{"name":"SET_ENTITY_COORDS","getter":{"name":"GET_ENTITY_COORDS","returnArgStart":1,"returnType":"Vector3"},"hash":"0x06843DA7060A026B","args":[{"type":"Entity","translate":true},{"type":"float"},{"type":"float"},{"type":"float"},{"type":"BOOL"},{"type":"BOOL"},{"type":"BOOL"},{"type":"BOOL"}],"type":"ctx","ctx":{"type":"Entity","idx":0}},{"name":"SET_ENTITY_ROTATION","hash":"0x8524A8B0171D5E07","args":[{"type":"Entity","translate":true},{"type":"float"},{"type":"float"},{"type":"float"},{"type":"int"},{"type":"BOOL"}],"type":"ctx","ctx":{"type":"Entity","idx":0}},{"name":"SET_ENTITY_VELOCITY","hash":"0x1C99BB7B6E96D16F","args":[{"type":"Entity","translate":true},{"type":"float"},{"type":"float"},{"type":"float"}],"type":"ctx","ctx":{"type":"Entity","idx":0}},{"name":"SET_ENTITY_HEADING","hash":"0x8E2530AA8ADA980E","args":[{"type":"Entity","translate":true},{"type":"float"}],"type":"ctx","ctx":{"type":"Entity","idx":0}},{"name":"FREEZE_ENTITY_POSITION","hash":"0x428CA6DBD1094446","args":[{"type":"Entity","translate":true},{"type":"BOOL"}],"type":"ctx","ctx":{"type":"Entity","idx":0}},{"name":"APPLY_FORCE_TO_ENTITY","hash":"0xC5F68BE9613E2D18","args":[{"type":"Entity","translate":true},{"type":"int"},{"type":"float"},{"type":"float"},{"type":"float"},{"type":"float"},{"type":"float"},{"type":"float"},{"type":"int"},{"type":"BOOL"},{"type":"BOOL"},{"type":"BOOL"},{"type":"BOOL"},{"type":"BOOL"}],"type":"ctx","ctx":{"type":"Entity","idx":0}},{"name":"SET_PLAYER_MODEL","hash":"0x00A1CADD00108836","args":[{"type":"Player","translate":true},{"type":"Hash"}],"type":"ctx","ctx":{"type":"Player","idx":0}},{"name":"SET_PLAYER_CONTROL","hash":"0x8D32347D6D4C40A2","args":[{"type":"Player","translate":true},{"type":"BOOL"},{"type":"int"}],"type":"ctx","ctx":{"type":"Player","idx":0}},{"name":"SET_PLAYER_INVINCIBLE","hash":"0x239528EACDC3E7DE","args":[{"type":"Player","translate":true},{"type":"BOOL"}],"type":"ctx","ctx":{"type":"Player","idx":0}},{"name":"SET_PLAYER_WANTED_LEVEL","hash":"0x39FF19C64EF7DA5B","args":[{"type":"Player","translate":true},{"type":"int"},{"type":"BOOL"}],"type":"ctx","ctx":{"type":"Player","idx":0}},{"name":"CLEAR_PLAYER_WANTED_LEVEL","hash":"0xB302540597885499","args":[{"type":"Player","translate":true}],"type":"ctx","ctx":{"type":"Player","idx":0}},{"name":"CREATE_PED","type":"entity","hash":"0xD49F9B0955C367DE","args":[{"type":"int"},{"type":"Hash"},{"type":"float"},{"type":"float"},{"type":"float"},{"type":"float"},{"type":"BOOL"},{"type":"BOOL"}]},{"name":"CREATE_PED_INSIDE_VEHICLE","type":"entity","hash":"0x7DD959874C1FD534","args":[{"type":"Entity","translate":true},{"type":"int"},{"type":"Hash"},{"type":"int"},{"type":"BOOL"},{"type":"BOOL"}]},{"name":"ADD_PED_DECORATION_FROM_HASHES","hash":"0x5F5D1665E352A839","args":[{"type":"Entity","translate":true},{"type":"Hash"},{"type":"Hash"}],"type":"ctx","ctx":{"type":"Entity","idx":0}},{"name":"SET_PED_INTO_VEHICLE","hash":"0xF75B0D629E1C063D","args":[{"type":"Entity","translate":true},{"type":"Entity","translate":true},{"type":"int"}],"type":"ctx","ctx":{"type":"Entity","idx":0}},{"name":"SET_PED_HEAD_BLEND_DATA","hash":"0x9414E18B9434C2FE","args":[{"type":"Entity","translate":true},{"type":"int"},{"type":"int"},{"type":"int"},{"type":"int"},{"type":"int"},{"type":"int"},{"type":"float"},{"type":"float"},{"type":"float"},{"type":"BOOL"}],"type":"ctx","ctx":{"type":"Entity","idx":0}},{"name":"SET_PED_HEAD_OVERLAY","hash":"0x48F44967FA05CC1E","args":[{"type":"Entity","translate":true},{"type":"int"},{"type":"int"},{"type":"float"}],"type":"ctx","ctx":{"type":"Entity","idx":0}},{"name":"_SET_PED_HAIR_COLOR","hash":"0x4CFFC65454C93A49","args":[{"type":"Entity","translate":true},{"type":"int"},{"type":"int"}],"type":"ctx","ctx":{"type":"Entity","idx":0}},{"name":"_SET_PED_HEAD_OVERLAY_COLOR","hash":"0x497BF74A7B9CB952","args":[{"type":"Entity","translate":true},{"type":"int"},{"type":"int"},{"type":"int"},{"type":"int"}],"type":"ctx","ctx":{"type":"Entity","idx":0}},{"name":"_SET_PED_EYE_COLOR","hash":"0x50B56988B170AFDF","args":[{"type":"Entity","translate":true},{"type":"int"}],"type":"ctx","ctx":{"type":"Entity","idx":0}},{"name":"_SET_PED_FACE_FEATURE","hash":"0x71A5C1DBA060049E","args":[{"type":"Entity","translate":true},{"type":"int"},{"type":"float"}],"type":"ctx","ctx":{"type":"Entity","idx":0}},{"name":"SET_PED_DEFAULT_COMPONENT_VARIATION","hash":"0x45EEE61580806D63","args":[{"type":"Entity","translate":true}],"type":"ctx","ctx":{"type":"Entity","idx":0}},{"name":"SET_PED_RANDOM_COMPONENT_VARIATION","hash":"0xC8A9481A01E63C28","args":[{"type":"Entity","translate":true},{"type":"BOOL"}],"type":"ctx","ctx":{"type":"Entity","idx":0}},{"name":"SET_PED_COMPONENT_VARIATION","hash":"0x262B14F48D29DE80","args":[{"type":"Entity","translate":true},{"type":"int"},{"type":"int"},{"type":"int"},{"type":"int"}],"type":"ctx","ctx":{"type":"Entity","idx":0}},{"name":"CLEAR_PED_PROP","hash":"0x0943E5B8E078E76E","args":[{"type":"Entity","translate":true},{"type":"int"}],"type":"ctx","ctx":{"type":"Entity","idx":0}},{"name":"SET_PED_RANDOM_PROPS","hash":"0xC44AA05345C992C6","args":[{"type":"Entity","translate":true}],"type":"ctx","ctx":{"type":"Entity","idx":0}},{"name":"SET_PED_PROP_INDEX","hash":"0x93376B65A266EB5F","args":[{"type":"Entity","translate":true},{"type":"int"},{"type":"int"},{"type":"int"},{"type":"BOOL"}],"type":"ctx","ctx":{"type":"Entity","idx":0}},{"name":"SET_PED_ARMOUR","hash":"0xCEA04D83135264CC","args":[{"type":"Entity","translate":true},{"type":"int"}],"type":"ctx","ctx":{"type":"Entity","idx":0}},{"name":"SET_PED_CAN_RAGDOLL","hash":"0xB128377056A54E2A","args":[{"type":"Entity","translate":true},{"type":"BOOL"}],"type":"ctx","ctx":{"type":"Entity","idx":0}},{"name":"SET_PED_CONFIG_FLAG","hash":"0x1913FE4CBF41C463","args":[{"type":"Entity","translate":true},{"type":"int"},{"type":"BOOL"}],"type":"ctx","ctx":{"type":"Entity","idx":0}},{"name":"SET_PED_RESET_FLAG","hash":"0xC1E8A365BF3B29F2","args":[{"type":"Entity","translate":true},{"type":"int"},{"type":"BOOL"}],"type":"ctx","ctx":{"type":"Entity","idx":0}},{"name":"SET_PED_TO_RAGDOLL","hash":"0xAE99FB955581844A","args":[{"type":"Entity","translate":true},{"type":"int"},{"type":"int"},{"type":"int"},{"type":"BOOL"},{"type":"BOOL"},{"type":"BOOL"}],"type":"ctx","ctx":{"type":"Entity","idx":0}},{"name":"SET_PED_TO_RAGDOLL_WITH_FALL","hash":"0xD76632D99E4966C8","args":[{"type":"Entity","translate":true},{"type":"int"},{"type":"int"},{"type":"int"},{"type":"float"},{"type":"float"},{"type":"float"},{"type":"float"},{"type":"float"},{"type":"float"},{"type":"float"},{"type":"float"},{"type":"float"},{"type":"float"}],"type":"ctx","ctx":{"type":"Entity","idx":0}},{"name":"GIVE_WEAPON_TO_PED","hash":"0xBF0FD6E56C964FCB","args":[{"type":"Entity","translate":true},{"type":"Hash"},{"type":"int"},{"type":"BOOL"},{"type":"BOOL"}],"type":"ctx","ctx":{"type":"Entity","idx":0}},{"name":"GIVE_WEAPON_COMPONENT_TO_PED","hash":"0xD966D51AA5B28BB9","args":[{"type":"Entity","translate":true},{"type":"Hash"},{"type":"Hash"}],"type":"ctx","ctx":{"type":"Entity","idx":0}},{"name":"REMOVE_WEAPON_FROM_PED","hash":"0x4899CB088EDF59B8","args":[{"type":"Entity","translate":true},{"type":"Hash"}],"type":"ctx","ctx":{"type":"Entity","idx":0}},{"name":"REMOVE_ALL_PED_WEAPONS","hash":"0xF25DF915FA38C5F3","args":[{"type":"Entity","translate":true},{"type":"BOOL"}],"type":"ctx","ctx":{"type":"Entity","idx":0}},{"name":"REMOVE_WEAPON_COMPONENT_FROM_PED","hash":"0x1E8BE90C74FB4C09","args":[{"type":"Entity","translate":true},{"type":"Hash"},{"type":"Hash"}],"type":"ctx","ctx":{"type":"Entity","idx":0}},{"name":"SET_CURRENT_PED_WEAPON","hash":"0xADF692B254977C0C","args":[{"type":"Entity","translate":true},{"type":"Hash"},{"type":"BOOL"}],"type":"ctx","ctx":{"type":"Entity","idx":0}},{"name":"SET_PED_AMMO","hash":"0x14E56BC5B5DB6A19","args":[{"type":"Entity","translate":true},{"type":"Hash"},{"type":"int"}],"type":"ctx","ctx":{"type":"Entity","idx":0}},{"name":"TASK_REACT_AND_FLEE_PED","hash":"0x72C896464915D1B1","args":[{"type":"Entity","translate":true},{"type":"Entity","translate":true}],"type":"ctx","ctx":{"type":"Entity","idx":0}},{"name":"TASK_SHOOT_AT_COORD","hash":"0x46A6CC01E0826106","args":[{"type":"Entity","translate":true},{"type":"float"},{"type":"float"},{"type":"float"},{"type":"int"},{"type":"Hash"}],"type":"ctx","ctx":{"type":"Entity","idx":0}},{"name":"TASK_SHOOT_AT_ENTITY","hash":"0x08DA95E8298AE772","args":[{"type":"Entity","translate":true},{"type":"Entity","translate":true},{"type":"int"},{"type":"Hash"}],"type":"ctx","ctx":{"type":"Entity","idx":0}},{"name":"TASK_COMBAT_PED","hash":"0xF166E48407BAC484","args":[{"type":"Entity","translate":true},{"type":"Entity","translate":true},{"type":"int"},{"type":"int"}],"type":"ctx","ctx":{"type":"Entity","idx":0}},{"name":"TASK_DRIVE_BY","hash":"0x2F8AF0E82773A171","args":[{"type":"Entity","translate":true},{"type":"Entity","translate":true},{"type":"Entity","translate":true},{"type":"float"},{"type":"float"},{"type":"float"},{"type":"float"},{"type":"int"},{"type":"BOOL"},{"type":"Hash"}],"type":"ctx","ctx":{"type":"Entity","idx":0}},{"name":"TASK_ENTER_VEHICLE","hash":"0xC20E50AA46D09CA8","args":[{"type":"Entity","translate":true},{"type":"Entity","translate":true},{"type":"int"},{"type":"int"},{"type":"float"},{"type":"int"},{"type":"Any"}],"type":"ctx","ctx":{"type":"Entity","idx":0}},{"name":"TASK_WARP_PED_INTO_VEHICLE","hash":"0x9A7D091411C5F684","args":[{"type":"Entity","translate":true},{"type":"Entity","translate":true},{"type":"int"}],"type":"ctx","ctx":{"type":"Entity","idx":0}},{"name":"TASK_HANDS_UP","hash":"0xF2EAB31979A7F910","args":[{"type":"Entity","translate":true},{"type":"int"},{"type":"Entity","translate":true},{"type":"int"},{"type":"BOOL"}],"type":"ctx","ctx":{"type":"Entity","idx":0}},{"name":"TASK_PLAY_ANIM","hash":"0xEA47FE3719165B94","args":[{"type":"Entity","translate":true},{"type":"charPtr"},{"type":"charPtr"},{"type":"float"},{"type":"float"},{"type":"int"},{"type":"int"},{"type":"float"},{"type":"BOOL"},{"type":"BOOL"},{"type":"BOOL"}],"type":"ctx","ctx":{"type":"Entity","idx":0}},{"name":"TASK_PLAY_ANIM_ADVANCED","hash":"0x83CDB10EA29B370B","args":[{"type":"Entity","translate":true},{"type":"charPtr"},{"type":"charPtr"},{"type":"float"},{"type":"float"},{"type":"float"},{"type":"float"},{"type":"float"},{"type":"float"},{"type":"float"},{"type":"float"},{"type":"int"},{"type":"Any"},{"type":"float"},{"type":"Any"},{"type":"Any"}],"type":"ctx","ctx":{"type":"Entity","idx":0}},{"name":"CLEAR_PED_TASKS","hash":"0xE1EF3C1216AFF2CD","args":[{"type":"Entity","translate":true}],"type":"ctx","ctx":{"type":"Entity","idx":0}},{"name":"CLEAR_PED_TASKS_IMMEDIATELY","hash":"0xAAA34F8A7CB32098","args":[{"type":"Entity","translate":true}],"type":"ctx","ctx":{"type":"Entity","idx":0}},{"name":"CLEAR_PED_SECONDARY_TASK","hash":"0x176CECF6F920D707","args":[{"type":"Entity","translate":true}],"type":"ctx","ctx":{"type":"Entity","idx":0}},{"name":"TASK_EVERYONE_LEAVE_VEHICLE","hash":"0x7F93691AB4B92272","args":[{"type":"Entity","translate":true}],"type":"ctx","ctx":{"type":"Entity","idx":0}},{"name":"TASK_LEAVE_ANY_VEHICLE","hash":"0x504D54DF3F6F2247","args":[{"type":"Entity","translate":true},{"type":"int"},{"type":"int"}],"type":"ctx","ctx":{"type":"Entity","idx":0}},{"name":"TASK_LEAVE_VEHICLE","hash":"0xD3DBCE61A490BE02","args":[{"type":"Entity","translate":true},{"type":"Entity","translate":true},{"type":"int"}],"type":"ctx","ctx":{"type":"Entity","idx":0}},{"name":"TASK_GO_STRAIGHT_TO_COORD","hash":"0xD76B57B44F1E6F8B","args":[{"type":"Entity","translate":true},{"type":"float"},{"type":"float"},{"type":"float"},{"type":"float"},{"type":"int"},{"type":"float"},{"type":"float"}],"type":"ctx","ctx":{"type":"Entity","idx":0}},{"name":"TASK_GO_TO_COORD_ANY_MEANS","hash":"0x5BC448CB78FA3E88","args":[{"type":"Entity","translate":true},{"type":"float"},{"type":"float"},{"type":"float"},{"type":"float"},{"type":"Any"},{"type":"BOOL"},{"type":"int"},{"type":"float"}],"type":"ctx","ctx":{"type":"Entity","idx":0}},{"name":"TASK_GO_TO_ENTITY","hash":"0x6A071245EB0D1882","args":[{"type":"Entity","translate":true},{"type":"Entity","translate":true},{"type":"int"},{"type":"float"},{"type":"float"},{"type":"float"},{"type":"int"}],"type":"ctx","ctx":{"type":"Entity","idx":0}},{"name":"CREATE_VEHICLE","type":"entity","hash":"0xAF35D0D2583051B0","args":[{"type":"Hash"},{"type":"float"},{"type":"float"},{"type":"float"},{"type":"float"},{"type":"BOOL"},{"type":"BOOL"}]},{"name":"SET_VEHICLE_ALARM","hash":"0xCDE5E70C1DDB954C","args":[{"type":"Entity","translate":true},{"type":"BOOL"}],"type":"ctx","ctx":{"type":"Entity","idx":0}},{"name":"SET_VEHICLE_BODY_HEALTH","hash":"0xB77D05AC8C78AADB","args":[{"type":"Entity","translate":true},{"type":"float"}],"type":"ctx","ctx":{"type":"Entity","idx":0}},{"name":"SET_VEHICLE_COLOURS","hash":"0x4F1D4BE3A7F24601","args":[{"type":"Entity","translate":true},{"type":"int"},{"type":"int"}],"type":"ctx","ctx":{"type":"Entity","idx":0}},{"name":"SET_VEHICLE_COLOUR_COMBINATION","hash":"0x33E8CD3322E2FE31","args":[{"type":"Entity","translate":true},{"type":"int"}],"type":"ctx","ctx":{"type":"Entity","idx":0}},{"name":"SET_VEHICLE_CUSTOM_PRIMARY_COLOUR","hash":"0x7141766F91D15BEA","args":[{"type":"Entity","translate":true},{"type":"int"},{"type":"int"},{"type":"int"}],"type":"ctx","ctx":{"type":"Entity","idx":0}},{"name":"SET_VEHICLE_CUSTOM_SECONDARY_COLOUR","hash":"0x36CED73BFED89754","args":[{"type":"Entity","translate":true},{"type":"int"},{"type":"int"},{"type":"int"}],"type":"ctx","ctx":{"type":"Entity","idx":0}},{"name":"SET_VEHICLE_DIRT_LEVEL","hash":"0x79D3B596FE44EE8B","args":[{"type":"Entity","translate":true},{"type":"float"}],"type":"ctx","ctx":{"type":"Entity","idx":0}},{"name":"SET_VEHICLE_DOOR_BROKEN","hash":"0xD4D4F6A4AB575A33","args":[{"type":"Entity","translate":true},{"type":"int"},{"type":"BOOL"}],"type":"ctx","ctx":{"type":"Entity","idx":0}},{"name":"SET_VEHICLE_NUMBER_PLATE_TEXT","hash":"0x95A88F0B409CDA47","args":[{"type":"Entity","translate":true},{"type":"charPtr"}],"type":"ctx","ctx":{"type":"Entity","idx":0}},{"name":"SET_VEHICLE_DOORS_LOCKED","hash":"0xB664292EAECF7FA6","args":[{"type":"Entity","translate":true},{"type":"int"}],"type":"ctx","ctx":{"type":"Entity","idx":0}},{"name":"CREATE_OBJECT","type":"entity","hash":"0x509D5878EB39E842","args":[{"type":"Entity","translate":true},{"type":"float"},{"type":"float"},{"type":"float"},{"type":"BOOL"},{"type":"BOOL"},{"type":"BOOL"}]},{"name":"CREATE_OBJECT_NO_OFFSET","type":"entity","hash":"0x9A294B2138ABB884","args":[{"type":"Hash"},{"type":"float"},{"type":"float"},{"type":"float"},{"type":"BOOL"},{"type":"BOOL"},{"type":"BOOL"}]},{"name":"_ADD_BLIP_FOR_AREA","type":"object","hash":"0xCE5D0E5E315DB238","args":[{"type":"float"},{"type":"float"},{"type":"float"},{"type":"float"},{"type":"float"}]},{"name":"ADD_BLIP_FOR_COORD","type":"object","hash":"0x5A039BB0BCA604B6","args":[{"type":"float"},{"type":"float"},{"type":"float"}]},{"name":"ADD_BLIP_FOR_RADIUS","type":"object","hash":"0x46818D79B1F7499A","args":[{"type":"float"},{"type":"float"},{"type":"float"},{"type":"float"}]},{"name":"ADD_BLIP_FOR_ENTITY","type":"object","hash":"0x5CDE92C702A8FCE7","args":[{"type":"Entity","translate":true}]},{"name":"SET_BLIP_SPRITE","getter":{"name":"GET_BLIP_SPRITE","returnArgStart":1,"returnType":"int"},"hash":"0xDF735600A4696DAF","args":[{"type":"ObjRef","translate":true},{"type":"int"}],"type":"ctx","ctx":{"type":"ObjRef","idx":0}},{"name":"REMOVE_BLIP","hash":"0x86A652570E5F25DD","args":[{"type":"ObjDel","translate":true}],"type":"ctx","ctx":{"type":"ObjDel","idx":0}}]
